{
    "Ven 07 Juin": [
        {
            "start": "2024-06-07T10:14:12.483258",
            "end": "2024-06-07T10:22:42.087296"
        },
        {
            "start": "2024-06-07T10:23:42.556238",
            "end": "2024-06-07T12:08:40.545857"
        },
        {
            "start": "2024-06-07T12:08:55.761541",
            "end": "2024-06-07T12:10:45.664031"
        },
        {
            "start": "2024-06-07T12:11:00.771093",
            "end": "2024-06-07T12:13:11.979981"
        },
        {
            "start": "2024-06-07T12:13:27.184568",
            "end": "2024-06-07T12:15:01.151787"
        },
        {
            "start": "2024-06-07T12:15:16.356819",
            "end": "2024-06-07T12:15:16.356819"
        },
        {
            "start": "2024-06-07T12:15:28.172475",
            "end": "2024-06-07T20:37:54.731016"
        },
        {
            "start": "2024-06-07T20:38:11.531182",
            "end": "2024-06-07T20:38:11.531182"
        },
        {
            "start": "2024-06-07T20:38:23.997901",
            "end": "2024-06-07T20:38:23.997901"
        },
        {
            "start": "2024-06-07T20:38:31.921338",
            "end": "2024-06-07T20:38:37.101075"
        },
        {
            "start": "2024-06-07T20:38:52.317748",
            "end": "2024-06-07T20:38:53.095745"
        },
        {
            "start": "2024-06-07T20:39:08.285920",
            "end": "2024-06-07T20:39:09.412265"
        },
        {
            "start": "2024-06-07T20:39:24.624347",
            "end": "2024-06-07T20:47:18.014252"
        },
        {
            "start": "2024-06-07T20:47:33.213284",
            "end": "2024-06-07T20:57:52.529459"
        },
        {
            "start": "2024-06-07T20:58:07.942329",
            "end": "2024-06-07T21:06:02.669664"
        },
        {
            "start": "2024-06-07T21:06:18.076206",
            "end": "2024-06-07T21:13:07.947768"
        },
        {
            "start": "2024-06-07T21:13:22.973609",
            "end": "2024-06-07T21:13:47.531286"
        },
        {
            "start": "2024-06-07T21:14:02.555506",
            "end": "2024-06-07T21:15:05.165663"
        },
        {
            "start": "2024-06-07T21:15:20.184443",
            "end": "2024-06-07T21:16:16.910592"
        },
        {
            "start": "2024-06-07T21:16:31.927611",
            "end": "2024-06-08T18:41:01.331971"
        }
    ],
    "Sam 08 Juin": [
        {
            "start": "2024-06-08T18:41:16.429896",
            "end": "2024-06-08T18:41:48.480689"
        },
        {
            "start": "2024-06-08T18:42:03.496449",
            "end": "2024-06-08T18:44:32.032275"
        },
        {
            "start": "2024-06-08T18:44:47.047327",
            "end": "2024-06-08T18:45:08.304786"
        },
        {
            "start": "2024-06-08T18:45:23.320919",
            "end": "2024-06-08T18:47:01.578376"
        },
        {
            "start": "2024-06-08T18:47:16.593898",
            "end": "2024-06-08T18:48:29.212803"
        },
        {
            "start": "2024-06-08T18:48:44.232829",
            "end": "2024-06-08T18:49:07.364877"
        },
        {
            "start": "2024-06-08T18:49:22.380385",
            "end": "2024-06-08T18:49:22.380385"
        },
        {
            "start": "2024-06-08T18:49:27.954679",
            "end": "2024-06-08T18:49:27.954679"
        },
        {
            "start": "2024-06-08T18:49:36.447267",
            "end": "2024-06-08T18:49:36.447267"
        },
        {
            "start": "2024-06-08T18:49:42.389580",
            "end": "2024-06-18T10:33:39.923406"
        }
    ],
    "Mar 18 Juin": [
        {
            "start": "2024-06-18T10:33:55.031295",
            "end": "2024-06-18T10:34:38.225808"
        },
        {
            "start": "2024-06-18T10:34:53.254486",
            "end": "2024-06-18T11:05:42.008150"
        },
        {
            "start": "2024-06-18T11:05:57.034191",
            "end": "2024-06-18T13:13:13.495083"
        },
        {
            "start": "2024-06-18T13:13:28.518103",
            "end": "2024-06-18T20:24:06.336554"
        },
        {
            "start": "2024-06-18T20:24:21.372563",
            "end": "2024-06-18T20:48:06.578096"
        },
        {
            "start": "2024-06-18T20:48:21.598930",
            "end": "2024-06-18T21:03:00.748500"
        },
        {
            "start": "2024-06-18T21:03:15.762545",
            "end": "2024-06-18T21:06:20.105860"
        },
        {
            "start": "2024-06-18T21:10:13.564653",
            "end": "2024-06-18T21:12:51.863009"
        },
        {
            "start": "2024-06-18T21:13:06.887660",
            "end": "2024-06-18T21:13:32.188969"
        },
        {
            "start": "2024-06-18T21:13:47.203997"
        }
    ]
}